Sample,Name (Meaning),Author,Date,Document,Decision
Sample,Name (Meaning),Author,Date,Document,Decision
Faces,Name (Meaning),Author,Date,Document,Decision
,Sympathetic Face,"Mark Davis, Peter Edberg",2014â€‘08â€‘27,L2/14â€‘174R,140â€‘A115*L2/14â€‘250*
Faces,Thin Face,"Mark Davis, Peter Edberg",2014â€‘08â€‘27,L2/14â€‘174R,140â€‘A115*L2/14â€‘250*
,PMS(premenstrual syndrome),Svenska CellulosaÂ AB,2016â€‘03â€‘21,L2/16â€‘126,147â€‘A118*147â€‘A119â€ 148â€‘A22
Faces,Spotty(face with spots),Svenska CellulosaÂ AB,2016â€‘03â€‘21,L2/16â€‘126,147â€‘A118*147â€‘A119â€ 148â€‘A22
,Smiling Face with Hand Raised,"Tayfun Karadeniz, Emoji Subcommittee",2016â€‘10â€‘31,L2/16â€‘313,L2/16â€‘324*
Faces,Smiling Face with Hand Putting on Makeup,"Tayfun Karadeniz, Emoji Subcommittee",2016â€‘10â€‘31,L2/16â€‘313,L2/16â€‘324*
Faces,Frowning Face with Lowered Eyebrows,"Tayfun Karadeniz, Emoji Subcommittee",2016â€‘10â€‘31,L2/16â€‘313,L2/16â€‘324*
Faces,Smiling Face with Smiling Eyes and Four Stars,"Tayfun Karadeniz, Emoji Subcommittee",2016â€‘10â€‘31,L2/16â€‘313,L2/16â€‘324*
Faces,Face with Eyebrows Lowered and Mouth Angled to the Side,"Tayfun Karadeniz, Emoji Subcommittee",2016â€‘10â€‘31,L2/16â€‘313,L2/16â€‘324*
Faces,Smiling Face with Lowered Eyebrows,"Tayfun Karadeniz, Emoji Subcommittee",2016â€‘10â€‘31,L2/16â€‘313,L2/16â€‘324*
Faces,Face with Tongue Out and Utensils,"Tayfun Karadeniz, Emoji Subcommittee",2016â€‘10â€‘31,L2/16â€‘313,L2/16â€‘324*
Faces,Face with Eyebrows Lowered and Closed Mouth,"Tayfun Karadeniz, Emoji Subcommittee",2016â€‘10â€‘31,L2/16â€‘313,L2/16â€‘324*
Faces,Smiling Face with Hand Snapping and Lightbulb,"Tayfun Karadeniz, Emoji Subcommittee",2016â€‘10â€‘31,L2/16â€‘313,L2/16â€‘324*
Faces,Face with Pained Eyes and Teeth Clenched,"Tayfun Karadeniz, Emoji Subcommittee",2016â€‘10â€‘31,L2/16â€‘313,L2/16â€‘324*
Faces,Sad Face with Lip Pursed,"Tayfun Karadeniz, Emoji Subcommittee",2016â€‘10â€‘31,L2/16â€‘313,L2/16â€‘324*
,Frowning Face with Question Marks as Eyes,"Tayfun Karadeniz, Emoji Subcommittee",2016â€‘10â€‘31,L2/16â€‘313,L2/16â€‘324*
2017â€‘08â€‘01,L2/17â€‘244R,L2/18â€‘023,2016â€‘10â€‘31,L2/16â€‘313,L2/16â€‘324*
,Face Whistling,"Tayfun Karadeniz, Emoji Subcommittee",2016â€‘10â€‘31,L2/16â€‘313,L2/16â€‘324*
,Grinning Face with Letters OK as Eyes,"Tayfun Karadeniz, Emoji Subcommittee",2016â€‘10â€‘31,L2/16â€‘313,L2/16â€‘324*
2017â€‘08â€‘01,L2/17â€‘244R,L2/18â€‘023,2016â€‘10â€‘31,L2/16â€‘313,L2/16â€‘324*
,Face Banging Against Wall,"Tayfun Karadeniz, Emoji Subcommittee",2016â€‘10â€‘31,L2/16â€‘313,L2/16â€‘324*
2017â€‘08â€‘01,Face with Sideways Eyes and Tongue Hanging Out,"Tayfun Karadeniz, Emoji Subcommittee",2016â€‘10â€‘31,L2/16â€‘313,L2/16â€‘324*
2017â€‘08â€‘01,Angry Face Green with Envy,"Tayfun Karadeniz, Emoji Subcommittee",2016â€‘10â€‘31,L2/16â€‘313,L2/16â€‘324*
2017â€‘08â€‘01,Happy Face with Lightbulb,"Tayfun Karadeniz, Emoji Subcommittee",2016â€‘10â€‘31,L2/16â€‘313,L2/16â€‘324*
2017â€‘08â€‘01,Confused Face with Question Mark,"Tayfun Karadeniz, Emoji Subcommittee",2016â€‘10â€‘31,L2/16â€‘313,L2/16â€‘324*
,Sad Face with Broken Heart,"Tayfun Karadeniz, Emoji Subcommittee",2016â€‘10â€‘31,L2/16â€‘313,L2/16â€‘324*
Sad Face with Broken Heart[ZWJsequence:ğŸ˜+ğŸ’”=ğŸ˜â€ğŸ’”],2017â€‘08â€‘01,L2/17â€‘244R,L2/18â€‘023,L2/16â€‘313,L2/16â€‘324*
,Smiling Face with Raised Hand,"Tayfun Karadeniz, Emoji Subcommittee",2016â€‘10â€‘31,L2/16â€‘313,L2/16â€‘324*
Sad Face with Broken Heart[ZWJsequence:ğŸ˜+ğŸ’”=ğŸ˜â€ğŸ’”],Expressionless Face with Bruises and Bandage,"Tayfun Karadeniz, Emoji Subcommittee",2016â€‘10â€‘31,L2/16â€‘313,L2/16â€‘324*
Sad Face with Broken Heart[ZWJsequence:ğŸ˜+ğŸ’”=ğŸ˜â€ğŸ’”],Expressionless Face with Eyes Half Open,"Tayfun Karadeniz, Emoji Subcommittee",2016â€‘10â€‘31,L2/16â€‘313,L2/16â€‘324*
Sad Face with Broken Heart[ZWJsequence:ğŸ˜+ğŸ’”=ğŸ˜â€ğŸ’”],Expressionless Face Half Covered by Hair,"Tayfun Karadeniz, Emoji Subcommittee",2016â€‘10â€‘31,L2/16â€‘313,L2/16â€‘324*
,Angry Pile of Poo,"Tayfun Karadeniz, Emoji Subcommittee",2017â€‘07â€‘27,L2/17â€‘244,withdrawn
Sad Face with Broken Heart[ZWJsequence:ğŸ˜+ğŸ’”=ğŸ˜â€ğŸ’”],Sad Face Cracked Down the Center,"Tayfun Karadeniz, Emoji Subcommittee",2017â€‘07â€‘27,L2/17â€‘244,withdrawn
Sad Face with Broken Heart[ZWJsequence:ğŸ˜+ğŸ’”=ğŸ˜â€ğŸ’”],Grinning Face with Four Leaf Clovers for Eyes,"Tayfun Karadeniz, Emoji Subcommittee",2017â€‘07â€‘27,L2/17â€‘244,withdrawn
Sad Face with Broken Heart[ZWJsequence:ğŸ˜+ğŸ’”=ğŸ˜â€ğŸ’”],White Expressionless Face with Hands Up,"Tayfun Karadeniz, Emoji Subcommittee",2017â€‘07â€‘27,L2/17â€‘244,withdrawn
Sad Face with Broken Heart[ZWJsequence:ğŸ˜+ğŸ’”=ğŸ˜â€ğŸ’”],Face Covered with Black Mask with Eyes and Mouth Exposed,"Tayfun Karadeniz, Emoji Subcommittee",2017â€‘07â€‘27,L2/17â€‘244,withdrawn
,Frowning Pile of Poo,"Tayfun Karadeniz, Emoji Subcommittee",2017â€‘08â€‘01,L2/17â€‘244R,L2/18â€‘023
,U+3020ã€ Postal Mark Face,Ken Lunde,2017â€‘12â€‘08,L2/17â€‘421,withdrawn
Hand Signs,U+3020ã€ Postal Mark Face,Ken Lunde,2017â€‘12â€‘08,L2/17â€‘421,withdrawn
,High Five,Katrina Parrott,2014â€‘10â€‘28,L2/14â€‘282,141â€‘A10
,Three-Fingered Salute,Rashed Khalfan Al Balooshi,2016â€‘03â€‘15,L2/16â€‘071,L2/16â€‘130147â€‘A112147â€‘A113â€ 
,Hand with Thumb and First Two Fingers Extended,"Peter Edberg, Emoji Subcommittee",2016â€‘10â€‘31,L2/16â€‘308,L2/16â€‘324*
Hand Signs,Hand Sign Shaka,"Peter Edberg, Emoji Subcommittee",2016â€‘10â€‘31,L2/16â€‘308,L2/16â€‘324*
Hand Signs,Hand with Thumb and Index Finger Extended,"Peter Edberg, Emoji Subcommittee",2016â€‘10â€‘31,L2/16â€‘308,L2/16â€‘324*
Hand Signs,Hand with First Three Fingers Extended,"Peter Edberg, Emoji Subcommittee",2016â€‘10â€‘31,L2/16â€‘308,L2/16â€‘324*
Hand Signs,Hand with Four Fingers Extended,"Peter Edberg, Emoji Subcommittee",2016â€‘10â€‘31,L2/16â€‘308,L2/16â€‘324*
Hand Signs,West Coast Hand,"Peter Edberg, Emoji Subcommittee",2016â€‘10â€‘31,L2/16â€‘308,L2/16â€‘324*
Hand Signs,East Coast Hand,"Peter Edberg, Emoji Subcommittee",2016â€‘10â€‘31,L2/16â€‘308,L2/16â€‘324*
,Clasping Hands,"Zoe Mendelson, Emojination",2017â€‘06â€‘29,L2/17â€‘275,L2/17â€‘221*
,Hand Dropping Microphone,Anshuman Pandey,2017â€‘07â€‘28,L2/17â€‘389,L2/17â€‘401
,U+261Câ˜œWhite Left Pointing Index,Ken Lunde,2017â€‘12â€‘19,L2/17â€‘421R,
Hand Signs,U+261Eâ˜White Right Pointing Index,Ken Lunde,2017â€‘12â€‘19,L2/17â€‘421R,L2/17â€‘401
Hand Signs,U+261Fâ˜ŸWhite Down Pointing Index,Ken Lunde,2017â€‘12â€‘19,L2/17â€‘421R,L2/17â€‘401
,Raised Little Finger,"Gretchen McCulloch, Lauren Gawne, Jennifer Daniel",2019â€‘10â€‘01,L2/19â€‘326,L2/20â€‘242R
Food,Raised Little Finger,"Gretchen McCulloch, Lauren Gawne, Jennifer Daniel",2019â€‘10â€‘01,L2/19â€‘326,L2/20â€‘242R
,Yogurt,"Mark Davis, Peter Edberg",2014â€‘08â€‘27,L2/14â€‘174R,140â€‘A115*L2/14â€‘250*
,Soybean,Hiroyuki Komatsu,2015â€‘07â€‘26,L2/15â€‘197R,144â€‘C15
Food,Buckwheat,Hiroyuki Komatsu,2015â€‘07â€‘26,L2/15â€‘197R,144â€‘C15
Food,Sesame,Hiroyuki Komatsu,2015â€‘07â€‘26,L2/15â€‘197R,144â€‘C15
Food,Celery,Hiroyuki Komatsu,2015â€‘07â€‘26,L2/15â€‘197R,144â€‘C15
Food,Lupin,Hiroyuki Komatsu,2015â€‘07â€‘26,L2/15â€‘197R,144â€‘C15
Food,Mustard,Hiroyuki Komatsu,2015â€‘07â€‘26,L2/15â€‘197R,144â€‘C15
Food,Walnut,Hiroyuki Komatsu,2015â€‘07â€‘26,L2/15â€‘197R,144â€‘C15
Food,Grain,Hiroyuki Komatsu,2015â€‘07â€‘26,L2/15â€‘197R,144â€‘C15
,Almond,"Alexandra Perro, Steven Russo",2016â€‘09â€‘30,L2/16â€‘275,L2/16â€‘324*L2/16â€‘340R2*L2/16â€‘355*
,Cabbage,"Jennifer 8. Lee, Emoji Subcommittee",2016â€‘11â€‘01,L2/16â€‘316,L2/16â€‘324*L2/16â€‘355*
Food,Hummus,"Jennifer 8. Lee, Emoji Subcommittee",2016â€‘11â€‘01,L2/16â€‘316,L2/16â€‘324*L2/16â€‘355*
,White Wine Glass[ZWJ sequence:ğŸ·+â—»ï¸=ğŸ·â€â—»ï¸],"Lauren Svoboda, Kendallâ€Jackson Winery",2018â€‘05â€‘11,L2/18â€‘208,L2/18â€‘222R3
White Wine Glass[ZWJ sequence:ğŸ·+â¬œï¸=ğŸ·â€â¬œ],"Maggie Curry, Kendallâ€Jackson Winery",2019â€‘08â€‘26,L2/19â€‘276R,160â€‘A43,L2/18â€‘222R3
Animals and Plants,"Maggie Curry, Kendallâ€Jackson Winery",2019â€‘08â€‘26,L2/19â€‘276R,160â€‘A43,L2/18â€‘222R3
,Potted Cactus,"Irish National Body, German National Body",2009â€‘04â€‘06,L2/09â€‘114,L2/09â€‘103*
Animals and Plants,Reindeer,"Irish National Body, German National Body",2009â€‘04â€‘06,L2/09â€‘114,L2/09â€‘103*
Animals and Plants,Monster,"Irish National Body, German National Body",2009â€‘04â€‘06,L2/09â€‘114,L2/09â€‘103*
,Squirrel,"Mark Davis, Peter Edberg",2014â€‘08â€‘27,L2/14â€‘174R,L2/14â€‘250*
Animals and Plants,Andrew West,2017â€‘11â€‘15,L2/17â€‘442,L2/18â€‘024,L2/14â€‘250*
,Hawk,"Mark Davis, Peter Edberg",2014â€‘08â€‘27,L2/14â€‘174R,L2/14â€‘250*
,Triceratops Head,Courtney Milan,2016â€‘04â€‘02,L2/16â€‘072,147â€‘A114
,Triceratops,Andrew West,2016â€‘04â€‘29,L2/16â€‘103,147â€‘A116
,Ankylosaurus,Andrew West,2016â€‘04â€‘29,L2/16â€‘103,147â€‘A116
Animals and Plants,Gallimimus,Andrew West,2016â€‘04â€‘29,L2/16â€‘103,147â€‘A116
Animals and Plants,Pachycephalosaurus,Andrew West,2016â€‘04â€‘29,L2/16â€‘103,147â€‘A116
Animals and Plants,Parasaurolophus,Andrew West,2016â€‘04â€‘29,L2/16â€‘103,147â€‘A116
Animals and Plants,Stegosaurus,Andrew West,2016â€‘04â€‘29,L2/16â€‘103,147â€‘A116
Animals and Plants,Velociraptor,Andrew West,2016â€‘04â€‘29,L2/16â€‘103,147â€‘A116
Animals and Plants,Archaeopteryx,Andrew West,2016â€‘04â€‘29,L2/16â€‘103,147â€‘A116
Animals and Plants,Ichthyosaur,Andrew West,2016â€‘04â€‘29,L2/16â€‘103,147â€‘A116
Animals and Plants,Plesiosaur,Andrew West,2016â€‘04â€‘29,L2/16â€‘103,147â€‘A116
Animals and Plants,Pterosaur,Andrew West,2016â€‘04â€‘29,L2/16â€‘103,147â€‘A116
,Griffin,"Tayfun Karadeniz, Emoji Subcommittee",2016â€‘10â€‘24,L2/16â€‘304,L2/16â€‘324*
Animals and Plants,Pegasus,"Tayfun Karadeniz, Emoji Subcommittee",2016â€‘10â€‘24,L2/16â€‘304,L2/16â€‘324*
Animals and Plants,Werewolf,"Tayfun Karadeniz, Emoji Subcommittee",2016â€‘10â€‘24,L2/16â€‘304,L2/16â€‘324*
,Vulture,"Ãlvaro FlÃ³rez Estrada Public School, Matumaini ONG, Mwema Street Children Centre Karatu, Dr. Patricia Mateoâ€TomÃ¡s, Sarah Burton, Christian Krenek",2019â€‘10â€‘03,L2/19â€‘335,L2/20â€‘242R
,Orchid,"Cassidy Moody, Sam Balmer",2019â€‘07â€‘16,L2/19â€‘375,L2/20â€‘242R
People,Orchid,"Cassidy Moody, Sam Balmer",2019â€‘07â€‘16,L2/19â€‘375,L2/20â€‘242R
,Water Skier,"Irish National Body, German National Body",2009â€‘04â€‘06,L2/09â€‘114,L2/09â€‘103*
,"Male Nurse,Female Nurse[ZWJ sequence:ğŸ‘¨/ğŸ‘©+ğŸ¥=ğŸ‘¨â€ğŸ¥/ğŸ‘©â€ğŸ¥]","Rachel Been, Nicole Bleuel, Agustin Fonts, Mark Davis",2016â€‘05â€‘10,L2/16â€‘160,147â€‘A29*
People,"Male High Tech Industry Worker,Female High Tech Industry Worker[ZWJ sequence:ğŸ‘¨/ğŸ‘©+âš¡ï¸=ğŸ‘¨â€âš¡ï¸/ğŸ‘©â€âš¡ï¸]","Rachel Been, Nicole Bleuel, Agustin Fonts, Mark Davis",2016â€‘05â€‘10,L2/16â€‘160,147â€‘A29*
,Male Selfie[ZWJ sequence:ğŸ‘¨+ğŸ¤³=ğŸ‘¨â€ğŸ¤³],Peter Edberg,2016â€‘11â€‘03,L2/16â€‘333,149â€‘A111*
People,Female Selfie[ZWJ sequence:ğŸ‘©+ğŸ¤³=ğŸ‘©â€ğŸ¤³],Peter Edberg,2016â€‘11â€‘03,L2/16â€‘333,149â€‘A111*
,Person Dancing,Charlotte Buff,2017â€‘06â€‘28,L2/17â€‘232,152â€‘A1L2/17â€‘374
2017â€‘12â€‘24,L2/17â€‘439,L2/18â€‘022154â€‘A45154â€‘A46â€ ,2017â€‘06â€‘28,L2/17â€‘232,152â€‘A1L2/17â€‘374
,Woman with Chinese Cap[ZWJ sequence:ğŸ‘²+â™€ï¸=ğŸ‘²â€â™€ï¸],Charlotte Buff,2017â€‘06â€‘28,L2/17â€‘232,152â€‘A1L2/17â€‘374
2017â€‘12â€‘24,L2/17â€‘439,L2/18â€‘022154â€‘A45154â€‘A46â€ ,2017â€‘06â€‘28,L2/17â€‘232,152â€‘A1L2/17â€‘374
,Man with Chinese Cap[ZWJ sequence:ğŸ‘²+â™‚ï¸=ğŸ‘²â€â™‚ï¸],Charlotte Buff,2017â€‘06â€‘28,L2/17â€‘232,152â€‘A1L2/17â€‘374
2017â€‘12â€‘24,L2/17â€‘439,L2/18â€‘022154â€‘A45154â€‘A46â€ ,2017â€‘06â€‘28,L2/17â€‘232,152â€‘A1L2/17â€‘374
,Woman in Suit Levitating[ZWJ sequence:ğŸ•´ï¸+â™€ï¸=ğŸ•´ï¸â€â™€ï¸],Charlotte Buff,2017â€‘06â€‘28,L2/17â€‘232,152â€‘A1L2/17â€‘374
2017â€‘12â€‘24,L2/17â€‘439,L2/18â€‘022154â€‘A45154â€‘A46â€ ,2017â€‘06â€‘28,L2/17â€‘232,152â€‘A1L2/17â€‘374
,Man in Suit Levitating[ZWJ sequence:ğŸ•´ï¸+â™‚ï¸=ğŸ•´ï¸â€â™‚ï¸],Charlotte Buff,2017â€‘06â€‘28,L2/17â€‘232,152â€‘A1L2/17â€‘374
2017â€‘12â€‘24,L2/17â€‘439,L2/18â€‘022154â€‘A45154â€‘A46â€ ,2017â€‘06â€‘28,L2/17â€‘232,152â€‘A1L2/17â€‘374
,Woman Breastâ€Feeding[ZWJ sequence:ğŸ¤±+â™€ï¸=ğŸ¤±â€â™€ï¸],Charlotte Buff,2017â€‘06â€‘28,L2/17â€‘232,152â€‘A1L2/17â€‘374
2017â€‘12â€‘24,L2/17â€‘439,L2/18â€‘022154â€‘A45154â€‘A46â€ ,2017â€‘06â€‘28,L2/17â€‘232,152â€‘A1L2/17â€‘374
,Man Breastâ€Feeding[ZWJ sequence:ğŸ¤±+â™‚ï¸=ğŸ¤±â€â™‚ï¸],Charlotte Buff,2017â€‘06â€‘28,L2/17â€‘232,152â€‘A1L2/17â€‘374
2017â€‘12â€‘24,L2/17â€‘439,L2/18â€‘022154â€‘A45154â€‘A46â€ ,2017â€‘06â€‘28,L2/17â€‘232,152â€‘A1L2/17â€‘374
,Woman with Headscarf[ZWJ sequence:ğŸ§•+â™€ï¸=ğŸ§•â€â™€ï¸],Charlotte Buff,2017â€‘06â€‘28,L2/17â€‘232,152â€‘A1L2/17â€‘374
2017â€‘12â€‘24,L2/17â€‘439,L2/18â€‘022154â€‘A45154â€‘A46â€ ,2017â€‘06â€‘28,L2/17â€‘232,152â€‘A1L2/17â€‘374
,Man with Headscarf[ZWJ sequence:ğŸ§•+â™‚ï¸=ğŸ§•â€â™‚ï¸],Charlotte Buff,2017â€‘06â€‘28,L2/17â€‘232,152â€‘A1L2/17â€‘374
2017â€‘12â€‘24,L2/17â€‘439,L2/18â€‘022154â€‘A45154â€‘A46â€ ,2017â€‘06â€‘28,L2/17â€‘232,152â€‘A1L2/17â€‘374
,Person Sitting,"Jennifer 8. Lee, Alex Marx",2018â€‘04â€‘03,L2/18â€‘091,
,Woman Dancing Ballet[ZWJ sequence:ğŸ‘©+ğŸ©°=ğŸ‘©â€ğŸ©°],Ruediger Landmann,2018â€‘03â€‘31,L2/18â€‘113,
2017â€‘12â€‘24,Man Dancing Ballet[ZWJ sequence:ğŸ‘¨+ğŸ©°=ğŸ‘¨â€ğŸ©°],Ruediger Landmann,2018â€‘03â€‘31,L2/18â€‘113,152â€‘A1L2/17â€‘374
,Person Looking in Mirror[ZWJ sequence:ğŸ§‘+ğŸª=ğŸ§‘â€ğŸª],Jennifer Daniel,2019â€‘04â€‘02,L2/19â€‘099,
2017â€‘12â€‘24,Man Looking in Mirror[ZWJ sequence:ğŸ‘¨+ğŸª=ğŸ‘¨â€ğŸª],Jennifer Daniel,2019â€‘04â€‘02,L2/19â€‘099,152â€‘A1L2/17â€‘374
2017â€‘12â€‘24,Woman Looking in Mirror[ZWJ sequence:ğŸ‘©+ğŸª=ğŸ‘©â€ğŸª],Jennifer Daniel,2019â€‘04â€‘02,L2/19â€‘099,152â€‘A1L2/17â€‘374
Body Parts,Woman Looking in Mirror[ZWJ sequence:ğŸ‘©+ğŸª=ğŸ‘©â€ğŸª],Jennifer Daniel,2019â€‘04â€‘02,L2/19â€‘099,152â€‘A1L2/17â€‘374
,Mustache,"Mark Davis, Peter Edberg",2014â€‘08â€‘27,L2/14â€‘174R,L2/14â€‘250*
,Neuron,"Sam Lemonick, Alli McKee, Jessica Morrison, Anna Smylie, Craig Cummings",2017â€‘04â€‘18,L2/17â€‘113,151â€‘A100L2/17â€‘131
Activities,Neuron,"Sam Lemonick, Alli McKee, Jessica Morrison, Anna Smylie, Craig Cummings",2017â€‘04â€‘18,L2/17â€‘113,151â€‘A100L2/17â€‘131
,Picnic,"Mark Davis, Peter Edberg",2014â€‘08â€‘27,L2/14â€‘174R,L2/14â€‘250*
Activities,Barbecue,"Mark Davis, Peter Edberg",2014â€‘08â€‘27,L2/14â€‘174R,L2/14â€‘250*
,New Year Celebration,Katrina Parrott,2014â€‘10â€‘28,L2/14â€‘282,141â€‘A10
Activities,Cinco de Mayo,Katrina Parrott,2014â€‘10â€‘28,L2/14â€‘282,141â€‘A10
Activities,Halloween,Katrina Parrott,2014â€‘10â€‘28,L2/14â€‘282,141â€‘A10
,Chess,Juber Moulvi Abdul,2017â€‘10â€‘04,L2/18â€‘018,L2/18â€‘023
Religious and Cultural Symbols,Chess,Juber Moulvi Abdul,2017â€‘10â€‘04,L2/18â€‘018,L2/18â€‘023
,Kinara,Katrina Parrott,2014â€‘10â€‘28,L2/14â€‘282,141â€‘A10
,Symbol for Atheism,"Shervin Afshar, Roozbeh Pournader",2014â€‘10â€‘19,L2/14â€‘235,withdrawn
,Dhyani Buddha,"Shervin Afshar, Roozbeh Pournader",2014â€‘11â€‘01,L2/14â€‘235R3,
,Ichthys,Andrew West,2015â€‘01â€‘11,L2/15â€‘007,
Religious and Cultural Symbols,Darwin Fish,Andrew West,2015â€‘01â€‘11,L2/15â€‘007,withdrawn
Religious and Cultural Symbols,Indalo,Andrew West,2015â€‘01â€‘11,L2/15â€‘007,withdrawn
,Jain Svastika,Anshuman Pandey,2015â€‘03â€‘19,L2/15â€‘097,
Religious and Cultural Symbols,Jain Hand,Anshuman Pandey,2015â€‘03â€‘19,L2/15â€‘097,withdrawn
Religious and Cultural Symbols,Jain Emblem,Anshuman Pandey,2015â€‘03â€‘19,L2/15â€‘097,withdrawn
Religious and Cultural Symbols,Jain Emblem with Om,Anshuman Pandey,2015â€‘03â€‘19,L2/15â€‘097,withdrawn
,Fravahar,Anshuman Pandey,2015â€‘03â€‘30,L2/15â€‘099,
,Atashdan,Anshuman Pandey,2015â€‘04â€‘04,L2/15â€‘105,
,Parsapen,Anshuman Pandey,2015â€‘04â€‘14,L2/15â€‘111,
Transport,Parsapen,Anshuman Pandey,2015â€‘04â€‘14,L2/15â€‘111,withdrawn
,Cycle Rickshaw,Anshuman Pandey,2015â€‘11â€‘17,L2/15â€‘330,
Transport,Pulled Rickshaw,Anshuman Pandey,2015â€‘11â€‘17,L2/15â€‘330,withdrawn
,Stairs,Kate Inghamâ€Smith,2018â€‘11â€‘15,L2/18â€‘239,
,Submarine,"Fred Benenson, Nazir Agah",2019â€‘03â€‘31,L2/19â€‘305,L2/20â€‘242R
Nature and Places,Submarine,"Fred Benenson, Nazir Agah",2019â€‘03â€‘31,L2/19â€‘305,L2/20â€‘242R
,Mercury[ZWJ sequence:ğŸŒ+â˜¿=ğŸŒâ€â˜¿],"Zachary Swetz, Sam Lemonick, Alli McKee, Jessica Morrison, Anna Smylie, Craig Cummings",2017â€‘04â€‘14,L2/17â€‘100,
Nature and Places,Venus[ZWJ sequence:ğŸŒ+â™€ï¸=ğŸŒâ€â™€ï¸],"Zachary Swetz, Sam Lemonick, Alli McKee, Jessica Morrison, Anna Smylie, Craig Cummings",2017â€‘04â€‘14,L2/17â€‘100,L2/20â€‘242R
Nature and Places,Mars[ZWJ sequence:ğŸŒ+â™‚ï¸=ğŸŒâ€â™‚ï¸],"Zachary Swetz, Sam Lemonick, Alli McKee, Jessica Morrison, Anna Smylie, Craig Cummings",2017â€‘04â€‘14,L2/17â€‘100,L2/20â€‘242R
Nature and Places,Jupiter[ZWJ sequence:ğŸŒ+â™ƒ=ğŸŒâ€â™ƒ],"Zachary Swetz, Sam Lemonick, Alli McKee, Jessica Morrison, Anna Smylie, Craig Cummings",2017â€‘04â€‘14,L2/17â€‘100,L2/20â€‘242R
Nature and Places,Uranus[ZWJ sequence:ğŸŒ+â™…=ğŸŒâ€â™…],"Zachary Swetz, Sam Lemonick, Alli McKee, Jessica Morrison, Anna Smylie, Craig Cummings",2017â€‘04â€‘14,L2/17â€‘100,L2/20â€‘242R
Nature and Places,Neptune[ZWJ sequence:ğŸŒ+â™†=ğŸŒâ€â™†],"Zachary Swetz, Sam Lemonick, Alli McKee, Jessica Morrison, Anna Smylie, Craig Cummings",2017â€‘04â€‘14,L2/17â€‘100,L2/20â€‘242R
Nature and Places,Pluto[ZWJ sequence:ğŸŒ+â™‡=ğŸŒâ€â™‡],"Zachary Swetz, Sam Lemonick, Alli McKee, Jessica Morrison, Anna Smylie, Craig Cummings",2017â€‘04â€‘14,L2/17â€‘100,L2/20â€‘242R
,Molecule,"Sam Lemonick, Alli McKee, Jessica Morrison, Anna Smylie, Craig Cummings",2017â€‘04â€‘18,L2/17â€‘113,151â€‘A100L2/17â€‘131
Nature and Places,Fossil Fish,"Sam Lemonick, Alli McKee, Jessica Morrison, Anna Smylie, Craig Cummings",2017â€‘04â€‘18,L2/17â€‘113,151â€‘A100L2/17â€‘131
Nature and Places,Impact Crater,"Sam Lemonick, Alli McKee, Jessica Morrison, Anna Smylie, Craig Cummings",2017â€‘04â€‘18,L2/17â€‘113,151â€‘A100L2/17â€‘131
Nature and Places,Warming Earth,"Sam Lemonick, Alli McKee, Jessica Morrison, Anna Smylie, Craig Cummings",2017â€‘04â€‘18,L2/17â€‘113,151â€‘A100L2/17â€‘131
,Iceberg,"Michael Gubik, Tom Moore",2018â€‘03â€‘27,L2/18â€‘111,
,Lighthouse[ZWJ sequence:ğŸ’¡+ğŸ ï¸=ğŸ’¡â€ğŸ ],Helen Wallace,2018â€‘03â€‘17,L2/18â€‘204,
,River,Christian Krenek,2019â€‘08â€‘06,L2/19â€‘334,L2/19â€‘363R*
,Gurdwara,"Jessica Saggu, Girish Dalvi",2021â€‘06â€‘02,L2/21â€‘195,
Other Objects,Gurdwara,"Jessica Saggu, Girish Dalvi",2021â€‘06â€‘02,L2/21â€‘195,L2/19â€‘363R*
,Match,"Irish National Body, German National Body",2009â€‘04â€‘06,L2/09â€‘114,
,Magic Hat,"Mark Davis, Peter Edberg",2014â€‘08â€‘27,L2/14â€‘174R,
Other Objects,"Tayfun Karadeniz, Emoji Subcommittee",2016â€‘10â€‘24,L2/16â€‘304,L2/14â€‘174R,L2/19â€‘363R*
,Handcuffs,Emoji Subcommittee,2015â€‘02â€‘02,L2/15â€‘054R,
,Condom,Tamara Greene,2016â€‘01â€‘15,L2/16â€‘022,
,Pad(menstrual pad),Svenska CellulosaÂ AB,2016â€‘03â€‘21,L2/16â€‘126,
Other Objects,Cramps(hot water bottle),Svenska CellulosaÂ AB,2016â€‘03â€‘21,L2/16â€‘126,L2/19â€‘363R*
,Erlenmeyer Flask,"Sam Lemonick, Alli McKee, Jessica Morrison, Anna Smylie, Craig Cummings",2017â€‘04â€‘18,L2/17â€‘113,151â€‘A100L2/17â€‘131
Other Objects,Rock Hammer,"Sam Lemonick, Alli McKee, Jessica Morrison, Anna Smylie, Craig Cummings",2017â€‘04â€‘18,L2/17â€‘113,151â€‘A100L2/17â€‘131
Other Objects,Bunsen Burner,"Sam Lemonick, Alli McKee, Jessica Morrison, Anna Smylie, Craig Cummings",2017â€‘04â€‘18,L2/17â€‘113,151â€‘A100L2/17â€‘131
Other Objects,Seismogram,"Sam Lemonick, Alli McKee, Jessica Morrison, Anna Smylie, Craig Cummings",2017â€‘04â€‘18,L2/17â€‘113,151â€‘A100L2/17â€‘131
,U+1F56DğŸ•­Ringing Bell,Wolfram Kleff,2017â€‘07â€‘29,L2/17â€‘240,L2/17â€‘287
,Poison,"Erwin VÃ¶lkening, Yuan Jacob Ahn",2017â€‘10â€‘02,L2/18â€‘019,L2/18â€‘023
,Incense,Philippe Kimuraâ€Thollander,2017â€‘08â€‘06,L2/17â€‘387,
,Service Animal Vest,Emoji Subcommittee,2018â€‘05â€‘03,L2/18â€‘143R2,L2/18â€‘256156â€‘C20
,Inhaler,"Tom Adams, Jerri Wilson",2018â€‘03â€‘01,L2/18â€‘215,L2/18â€‘222R3
,Tissue Box,"Donnie Discepolo, Trevor Munson, Dwight Knell",2018â€‘07â€‘02,L2/18â€‘262,L2/18â€‘307
,Diaper,"Tim Resudek, Vidit Maniyar, Anush Vishwanath, Braden Ericson, Rusi McHedlishvili, Christian Krenek",2019â€‘03â€‘31,L2/19â€‘215,L2/19â€‘363R*
,Cooking Pot,Samantha Sunne,2019â€‘01â€‘22,L2/19â€‘060,L2/20â€‘242R
,Chainsaw,Bryan Kappa,2019â€‘04â€‘09,L2/19â€‘312,L2/20â€‘242R
Other Symbols,Chainsaw,Bryan Kappa,2019â€‘04â€‘09,L2/19â€‘312,L2/20â€‘242R
,Emoji Compatibility Symbol-1...Emoji Compatibility Symbol-66,"Irish National Body, German National Body",2009â€‘04â€‘06,L2/09â€‘114,
â®•,U+2B95â®•Rightwards Black Arrow,J. S. Choi,2015â€‘12â€‘12,L2/16â€‘012,
,U+221EâˆInfinity,"Onelia Ãlvarez, Gonzalo Alonso",2017â€‘02â€‘03,L2/17â€‘343,
,Pi,"Sam Lemonick, Alli McKee, Jessica Morrison, Anna Smylie, Craig Cummings",2017â€‘04â€‘18,L2/17â€‘113,151â€‘A100L2/17â€‘131
,Heart with Knife[ZWJ sequence:â¤ï¸+ğŸ”ª=â¤ï¸â€ğŸ”ª],Ivana Jovic,2017â€‘06â€‘28,L2/17â€‘228,L2/17â€‘380L2/17â€‘401
Flags,Heart with Knife[ZWJ sequence:â¤ï¸+ğŸ”ª=â¤ï¸â€ğŸ”ª],Ivana Jovic,2017â€‘06â€‘28,L2/17â€‘228,L2/17â€‘380L2/17â€‘401
,Flag for Alabama[tag sequence:ğŸ´usal=ğŸ´ó µó ³ó ¡ó ¬ó ¿],Kyle Condra,2016â€‘08â€‘13,(L2/17â€‘382),
Flags,Flag for Alaska[tag sequence:ğŸ´usak=ğŸ´ó µó ³ó ¡ó «ó ¿],Kyle Condra,2016â€‘08â€‘13,(L2/17â€‘382),L2/17â€‘380L2/17â€‘401
Flags,Flag for Arizona[tag sequence:ğŸ´usaz=ğŸ´ó µó ³ó ¡ó ºó ¿],Kyle Condra,2016â€‘08â€‘13,(L2/17â€‘382),L2/17â€‘380L2/17â€‘401
Flags,Flag for Arkansas[tag sequence:ğŸ´usar=ğŸ´ó µó ³ó ¡ó ²ó ¿],Kyle Condra,2016â€‘08â€‘13,(L2/17â€‘382),L2/17â€‘380L2/17â€‘401
Flags,Flag for California[tag sequence:ğŸ´usca=ğŸ´ó µó ³ó £ó ¡ó ¿],Kyle Condra,2016â€‘08â€‘13,(L2/17â€‘382),L2/17â€‘380L2/17â€‘401
Flags,Flag for Colorado[tag sequence:ğŸ´usco=ğŸ´ó µó ³ó £ó ¯ó ¿],Kyle Condra,2016â€‘08â€‘13,(L2/17â€‘382),L2/17â€‘380L2/17â€‘401
Flags,Flag for Connecticut[tag sequence:ğŸ´usct=ğŸ´ó µó ³ó £ó ´ó ¿],Kyle Condra,2016â€‘08â€‘13,(L2/17â€‘382),L2/17â€‘380L2/17â€‘401
Flags,Flag for Delaware[tag sequence:ğŸ´usde=ğŸ´ó µó ³ó ¤ó ¥ó ¿],Kyle Condra,2016â€‘08â€‘13,(L2/17â€‘382),L2/17â€‘380L2/17â€‘401
Flags,Flag for Florida[tag sequence:ğŸ´usfl=ğŸ´ó µó ³ó ¦ó ¬ó ¿],Kyle Condra,2016â€‘08â€‘13,(L2/17â€‘382),L2/17â€‘380L2/17â€‘401
Flags,Flag for Georgia[tag sequence:ğŸ´usga=ğŸ´ó µó ³ó §ó ¡ó ¿],Kyle Condra,2016â€‘08â€‘13,(L2/17â€‘382),L2/17â€‘380L2/17â€‘401
Flags,Flag for HawaiÊ»i[tag sequence:ğŸ´ushi=ğŸ´ó µó ³ó ¨ó ©ó ¿],Kyle Condra,2016â€‘08â€‘13,(L2/17â€‘382),L2/17â€‘380L2/17â€‘401
Flags,Flag for Idaho[tag sequence:ğŸ´usid=ğŸ´ó µó ³ó ©ó ¤ó ¿],Kyle Condra,2016â€‘08â€‘13,(L2/17â€‘382),L2/17â€‘380L2/17â€‘401
Flags,Flag for Illinois[tag sequence:ğŸ´usil=ğŸ´ó µó ³ó ©ó ¬ó ¿],Kyle Condra,2016â€‘08â€‘13,(L2/17â€‘382),L2/17â€‘380L2/17â€‘401
Flags,Flag for Indiana[tag sequence:ğŸ´usin=ğŸ´ó µó ³ó ©ó ®ó ¿],Kyle Condra,2016â€‘08â€‘13,(L2/17â€‘382),L2/17â€‘380L2/17â€‘401
Flags,Flag for Iowa[tag sequence:ğŸ´usia=ğŸ´ó µó ³ó ©ó ¡ó ¿],Kyle Condra,2016â€‘08â€‘13,(L2/17â€‘382),L2/17â€‘380L2/17â€‘401
Flags,Flag for Kansas[tag sequence:ğŸ´usks=ğŸ´ó µó ³ó «ó ³ó ¿],Kyle Condra,2016â€‘08â€‘13,(L2/17â€‘382),L2/17â€‘380L2/17â€‘401
Flags,Flag for Kentucky[tag sequence:ğŸ´usky=ğŸ´ó µó ³ó «ó ¹ó ¿],Kyle Condra,2016â€‘08â€‘13,(L2/17â€‘382),L2/17â€‘380L2/17â€‘401
Flags,Flag for Louisiana[tag sequence:ğŸ´usla=ğŸ´ó µó ³ó ¬ó ¡ó ¿],Kyle Condra,2016â€‘08â€‘13,(L2/17â€‘382),L2/17â€‘380L2/17â€‘401
Flags,Flag for Maine[tag sequence:ğŸ´usme=ğŸ´ó µó ³ó ­ó ¥ó ¿],Kyle Condra,2016â€‘08â€‘13,(L2/17â€‘382),L2/17â€‘380L2/17â€‘401
Flags,Flag for Maryland[tag sequence:ğŸ´usmd=ğŸ´ó µó ³ó ­ó ¤ó ¿],Kyle Condra,2016â€‘08â€‘13,(L2/17â€‘382),L2/17â€‘380L2/17â€‘401
Flags,Flag for Massachusetts[tag sequence:ğŸ´usma=ğŸ´ó µó ³ó ­ó ¡ó ¿],Kyle Condra,2016â€‘08â€‘13,(L2/17â€‘382),L2/17â€‘380L2/17â€‘401
Flags,Flag for Michigan[tag sequence:ğŸ´usmi=ğŸ´ó µó ³ó ­ó ©ó ¿],Kyle Condra,2016â€‘08â€‘13,(L2/17â€‘382),L2/17â€‘380L2/17â€‘401
Flags,Flag for Minnesota[tag sequence:ğŸ´usmn=ğŸ´ó µó ³ó ­ó ®ó ¿],Kyle Condra,2016â€‘08â€‘13,(L2/17â€‘382),L2/17â€‘380L2/17â€‘401
Flags,Flag for Mississippi[tag sequence:ğŸ´usms=ğŸ´ó µó ³ó ­ó ³ó ¿],Kyle Condra,2016â€‘08â€‘13,(L2/17â€‘382),L2/17â€‘380L2/17â€‘401
Flags,Flag for Missouri[tag sequence:ğŸ´usmo=ğŸ´ó µó ³ó ­ó ¯ó ¿],Kyle Condra,2016â€‘08â€‘13,(L2/17â€‘382),L2/17â€‘380L2/17â€‘401
Flags,Flag for Montana[tag sequence:ğŸ´usmt=ğŸ´ó µó ³ó ­ó ´ó ¿],Kyle Condra,2016â€‘08â€‘13,(L2/17â€‘382),L2/17â€‘380L2/17â€‘401
Flags,Flag for Nebraska[tag sequence:ğŸ´usne=ğŸ´ó µó ³ó ®ó ¥ó ¿],Kyle Condra,2016â€‘08â€‘13,(L2/17â€‘382),L2/17â€‘380L2/17â€‘401
Flags,Flag for Nevada[tag sequence:ğŸ´usnv=ğŸ´ó µó ³ó ®ó ¶ó ¿],Kyle Condra,2016â€‘08â€‘13,(L2/17â€‘382),L2/17â€‘380L2/17â€‘401
Flags,Flag for New Hampshire[tag sequence:ğŸ´usnh=ğŸ´ó µó ³ó ®ó ¨ó ¿],Kyle Condra,2016â€‘08â€‘13,(L2/17â€‘382),L2/17â€‘380L2/17â€‘401
Flags,Flag for New Jersey[tag sequence:ğŸ´usnj=ğŸ´ó µó ³ó ®ó ªó ¿],Kyle Condra,2016â€‘08â€‘13,(L2/17â€‘382),L2/17â€‘380L2/17â€‘401
Flags,Flag for New Mexico[tag sequence:ğŸ´usnm=ğŸ´ó µó ³ó ®ó ­ó ¿],Kyle Condra,2016â€‘08â€‘13,(L2/17â€‘382),L2/17â€‘380L2/17â€‘401
Flags,Flag for New York[tag sequence:ğŸ´usny=ğŸ´ó µó ³ó ®ó ¹ó ¿],Kyle Condra,2016â€‘08â€‘13,(L2/17â€‘382),L2/17â€‘380L2/17â€‘401
Flags,Flag for North Carolina[tag sequence:ğŸ´usnc=ğŸ´ó µó ³ó ®ó £ó ¿],Kyle Condra,2016â€‘08â€‘13,(L2/17â€‘382),L2/17â€‘380L2/17â€‘401
Flags,Flag for North Dakota[tag sequence:ğŸ´usnd=ğŸ´ó µó ³ó ®ó ¤ó ¿],Kyle Condra,2016â€‘08â€‘13,(L2/17â€‘382),L2/17â€‘380L2/17â€‘401
Flags,Flag for Ohio[tag sequence:ğŸ´usoh=ğŸ´ó µó ³ó ¯ó ¨ó ¿],Kyle Condra,2016â€‘08â€‘13,(L2/17â€‘382),L2/17â€‘380L2/17â€‘401
Flags,Flag for Oklahoma[tag sequence:ğŸ´usok=ğŸ´ó µó ³ó ¯ó «ó ¿],Kyle Condra,2016â€‘08â€‘13,(L2/17â€‘382),L2/17â€‘380L2/17â€‘401
Flags,Flag for Oregon[tag sequence:ğŸ´usor=ğŸ´ó µó ³ó ¯ó ²ó ¿],Kyle Condra,2016â€‘08â€‘13,(L2/17â€‘382),L2/17â€‘380L2/17â€‘401
Flags,Flag for Pennsylvania[tag sequence:ğŸ´uspa=ğŸ´ó µó ³ó °ó ¡ó ¿],Kyle Condra,2016â€‘08â€‘13,(L2/17â€‘382),L2/17â€‘380L2/17â€‘401
Flags,Flag for Rhode Island[tag sequence:ğŸ´usri=ğŸ´ó µó ³ó ²ó ©ó ¿],Kyle Condra,2016â€‘08â€‘13,(L2/17â€‘382),L2/17â€‘380L2/17â€‘401
Flags,Flag for South Carolina[tag sequence:ğŸ´ussc=ğŸ´ó µó ³ó ³ó £ó ¿],Kyle Condra,2016â€‘08â€‘13,(L2/17â€‘382),L2/17â€‘380L2/17â€‘401
Flags,Flag for South Dakota[tag sequence:ğŸ´ussd=ğŸ´ó µó ³ó ³ó ¤ó ¿],Kyle Condra,2016â€‘08â€‘13,(L2/17â€‘382),L2/17â€‘380L2/17â€‘401
Flags,Flag for Tennessee[tag sequence:ğŸ´ustn=ğŸ´ó µó ³ó ´ó ®ó ¿],Kyle Condra,2016â€‘08â€‘13,(L2/17â€‘382),L2/17â€‘380L2/17â€‘401
Flags,Flag for Texas[tag sequence:ğŸ´ustx=ğŸ´ó µó ³ó ´ó ¸ó ¿],Kyle Condra,2016â€‘08â€‘13,(L2/17â€‘382),L2/17â€‘380L2/17â€‘401
Flags,Flag for Utah[tag sequence:ğŸ´usut=ğŸ´ó µó ³ó µó ´ó ¿],Kyle Condra,2016â€‘08â€‘13,(L2/17â€‘382),L2/17â€‘380L2/17â€‘401
Flags,Flag for Vermont[tag sequence:ğŸ´usvt=ğŸ´ó µó ³ó ¶ó ´ó ¿],Kyle Condra,2016â€‘08â€‘13,(L2/17â€‘382),L2/17â€‘380L2/17â€‘401
Flags,Flag for Virginia[tag sequence:ğŸ´usva=ğŸ´ó µó ³ó ¶ó ¡ó ¿],Kyle Condra,2016â€‘08â€‘13,(L2/17â€‘382),L2/17â€‘380L2/17â€‘401
Flags,Flag for Washington[tag sequence:ğŸ´uswa=ğŸ´ó µó ³ó ·ó ¡ó ¿],Kyle Condra,2016â€‘08â€‘13,(L2/17â€‘382),L2/17â€‘380L2/17â€‘401
Flags,Flag for West Virginia[tag sequence:ğŸ´uswv=ğŸ´ó µó ³ó ·ó ¶ó ¿],Kyle Condra,2016â€‘08â€‘13,(L2/17â€‘382),L2/17â€‘380L2/17â€‘401
Flags,Flag for Wisconsin[tag sequence:ğŸ´uswi=ğŸ´ó µó ³ó ·ó ©ó ¿],Kyle Condra,2016â€‘08â€‘13,(L2/17â€‘382),L2/17â€‘380L2/17â€‘401
Flags,Flag for Wyoming[tag sequence:ğŸ´uswy=ğŸ´ó µó ³ó ·ó ¹ó ¿],Kyle Condra,2016â€‘08â€‘13,(L2/17â€‘382),L2/17â€‘380L2/17â€‘401
,Flag for Northern Ireland[tag sequence:ğŸ´gbnir=ğŸ´ó §ó ¢ó ®ó ©ó ²ó ¿],Simon Todd,2017â€‘03â€‘17,(L2/17â€‘382),
,Flag for Basque Country[tag sequence:ğŸ´espv=ğŸ´ó ¥ó ³ó °ó ¶ó ¿],Mikel Zabala Telleria,2017â€‘06â€‘02,(L2/17â€‘382),
,Flag for Brittany[tag sequence:ğŸ´frbre=ğŸ´ó ¦ó ²ó ¢ó ²ó ¥ó ¿],Letti Hellequin,2017â€‘06â€‘19,(L2/17â€‘382),
,Flag for Catalonia[tag sequence:ğŸ´esct=ğŸ´ó ¥ó ³ó £ó ´ó ¿],Joan MontanÃ©,2017â€‘06â€‘28,(L2/17â€‘382),
,Flag for Frisia[tag sequence:ğŸ´nlfr=ğŸ´ó ®ó ¬ó ¦ó ²ó ¿],"Anna Smit, Ydwine Scarse",2018â€‘07â€‘08,L2/18â€‘233,L2/18â€‘222R3
Modifiers,Flag for Frisia[tag sequence:ğŸ´nlfr=ğŸ´ó ®ó ¬ó ¦ó ²ó ¿],"Anna Smit, Ydwine Scarse",2018â€‘07â€‘08,L2/18â€‘233,L2/18â€‘222R3
,Image Hash-0000...Image Hash-FFFF(Coded Hashes of Arbitrary Images),"Steven R. Loomis, Keith Winstein, Jennifer 8. Lee",2016â€‘05â€‘02,L2/16â€‘105,
,Grey(grey colour modifier),Paul D. Hunt,2016â€‘10â€‘31,L2/16â€‘318,
,Emoji Modifier Colour Grey,David P. Kendal,2017â€‘08â€‘19,L2/17â€‘355,
Modifiers,Emoji Modifier Colour Dark Blue,David P. Kendal,2017â€‘08â€‘19,L2/17â€‘355,L2/18â€‘222R3
Modifiers,Emoji Modifier Colour Light Blue,David P. Kendal,2017â€‘08â€‘19,L2/17â€‘355,L2/18â€‘222R3
Modifiers,Emoji Modifier Colour Pink,David P. Kendal,2017â€‘08â€‘19,L2/17â€‘355,L2/18â€‘222R3
Unsorted,Emoji Modifier Colour Pink,David P. Kendal,2017â€‘08â€‘19,L2/17â€‘355,L2/18â€‘222R3
,Period(panty with blood stain),Svenska CellulosaÂ AB,2016â€‘03â€‘21,L2/16â€‘126,
,Period,"Francis Mason, Plan International UK",2017â€‘06â€‘30,L2/17â€‘216,
,Bloated,Svenska CellulosaÂ AB,2016â€‘03â€‘21,L2/16â€‘126,
,Fibonacci Series,"Sam Lemonick, Alli McKee, Jessica Morrison, Anna Smylie, Craig Cummings",2017â€‘04â€‘18,L2/17â€‘113,151â€‘A100L2/17â€‘131
Sample,Name (Meaning),Author,Date,Document,Decision
